<?xml version="1.0" encoding="UTF-8"?>
<project-private xmlns="http://www.netbeans.org/ns/project-private/1">
    <editor-bookmarks xmlns="http://www.netbeans.org/ns/editor-bookmarks/2" lastBookmarkId="0"/>
    <open-files xmlns="http://www.netbeans.org/ns/projectui-open-files/2">
        <group>
            <file>file:/C:/Users/Paulo/Documents/NetBeansProjects/CadastroDeClientes/src/view/Login.java</file>
            <file>file:/C:/Users/Paulo/Documents/NetBeansProjects/CadastroDeClientes/src/view/Cadastro.java</file>
            <file>file:/C:/Users/Paulo/Documents/NetBeansProjects/CadastroDeClientes/src/Controlador/FormLogin.java</file>
            <file>file:/C:/Users/Paulo/Documents/NetBeansProjects/CadastroDeClientes/src/dao/UsuarioDAO.java</file>
            <file>file:/C:/Users/Paulo/Documents/NetBeansProjects/CadastroDeClientes/src/view/menu.java</file>
            <file>file:/C:/Users/Paulo/Documents/NetBeansProjects/CadastroDeClientes/src/dao/Conexão.java</file>
            <file>file:/C:/Users/Paulo/Documents/NetBeansProjects/CadastroDeClientes/src/model/Usuario.java</file>
            <file>file:/C:/Users/Paulo/Documents/NetBeansProjects/CadastroDeClientes/src/Controlador/FormCadastro.java</file>
        </group>
    </open-files>
</project-private>
